{
    "Mean Reciprocal Rank (MRR)": 0.617,
    "Average F1 Score": 0.09309183170275773,
    "Recall@5 Rate": 0.73,
    "Avg Latency (s)": 1.27958,
    "Total Pipeline Time (min)": 2.133634646733602
}